<?xml version="1.0" standalone="yes"?>
<RECORDS>
<RECORD>
<cod>5001</cod>
<nombre>Salarios, prestaciones sociales y  demás  pagos  laborales: El  valor  acumulado efectivamente pagado al trabajador, en el concepto 5001.</nombre>
</RECORD>
<RECORD>
<cod>5055</cod>
<nombre>Viáticos: El valor acumulado efectivamente pagado que no constituye ingreso para el trabajador, en el concepto 5055.</nombre>
</RECORD>
<RECORD>
<cod>5056</cod>
<nombre>Gastos de  representación: El  valor  acumulado  efectivamente pagado  que  no constituye ingreso para el trabajador, en el concepto 5056.</nombre>
</RECORD>
<RECORD>
<cod>5022</cod>
<nombre>Pensiones: El valor acumulado efectivamente pagado, en el concepto 5022.</nombre>
</RECORD>
<RECORD>
<cod>5002</cod>
<nombre>Honorarios: El valor acumulado pagado o abonado en cuenta, en el concepto 5002</nombre>
</RECORD>
<RECORD>
<cod>5003</cod>
<nombre>Comisiones: El valor acumulado pagado o abonado en cuenta, en el concepto 5003</nombre>
</RECORD>
<RECORD>
<cod>5004</cod>
<nombre>Servicios: El valor acumulado pagado o abonado en cuenta, en el concepto 5004.</nombre>
</RECORD>
<RECORD>
<cod>5005</cod>
<nombre>Arrendamientos: El valor acumulado pagado o abonado en cuenta, en el concepto 5005</nombre>
</RECORD>
<RECORD>
<cod>5006</cod>
<nombre>Intereses y rendimientos financieros: El valor acumulado pagado o abonado en cuenta, en el concepto 5006.</nombre>
</RECORD>
<RECORD>
<cod>5007</cod>
<nombre>Compra de activos movibles: El valor acumulado pagado o abonado en cuenta, en el concepto 5007.</nombre>
</RECORD>
<RECORD>
<cod>5008</cod>
<nombre>Compra de activos fijos: El valor acumulado pagado o abonado en cuenta, en el concepto 5008.</nombre>
</RECORD>
<RECORD>
<cod>5010</cod>
<nombre>Los  pagos  efectuados  en  el  año  gravable  2011  por  concepto  de  aportes parafiscales  al  SENA,  a  las  Cajas  de  Compensación  Familiar  y  al  Instituto Colombiano de Bienestar Familiar, en el concepto 5010.</nombre>
</RECORD>
<RECORD>
<cod>5011</cod>
<nombre>Los  pagos  efectuados  en  el  año  gravable  2011  por  concepto  de  aportes parafiscales a las empresas promotoras de salud EPS y los aportes al Sistema de Riesgos Profesionales, incluidos los aportes del trabajador, en el concepto 5011.</nombre>
</RECORD>
<RECORD>
<cod>5012</cod>
<nombre>Los  pagos  efectuados  en  el año  gravable  2011  por  concepto  de  aportes obligatorios  para pensiones efectuados al  ISS  y  a  los  Fondos de Pensiones, incluidos los aportes del trabajador, en el concepto 5012.</nombre>
</RECORD>
<RECORD>
<cod>5013</cod>
<nombre>Las  donaciones  en  dinero  efectuadas  durante  el  año  gravable  2011,  a  las entidades  señaladas en  los  artículos  125,  125-4,  126-2  y  158-1  del  Estatuto Tributario y la establecida en el artículo 16 de la Ley 814 de 2003, y demás que deter</nombre>
</RECORD>
<RECORD>
<cod>5014</cod>
<nombre>Las donaciones en activos diferentes a dinero efectuadas durante el año gravable 2011 a las entidades señaladas en los artículos 125, 125-4, 126-2 y 158-1 del Estatuto  Tributario y la establecida en el artículo 16 de la Ley 814 de 2003,   y demás que det</nombre>
</RECORD>
<RECORD>
<cod>5015</cod>
<nombre>El valor de los impuestos efectivamente pagados durante el año gravable 2011 solicitados como deducción, en el concepto 5015.</nombre>
</RECORD>
<RECORD>
<cod>5058</cod>
<nombre>El valor de los aportes, tasas y contribuciones efectivamente pagados durante el año gravable 2011, solicitados como deducción, en el concepto 5058.</nombre>
</RECORD>
<RECORD>
<cod>5060</cod>
<nombre>Redención de inversiones en lo que corresponde al reembolso del capital, en  el concepto 5060.</nombre>
</RECORD>
<RECORD>
<cod>5016</cod>
<nombre>Los demás costos y deducciones, en el concepto 5016.</nombre>
</RECORD>
<RECORD>
<cod>5020</cod>
<nombre>Compra de activos fijos sobre los cuales solicitó deducción según el parágrafo, del artículo  158-3 del Estatuto Tributario: El valor acumulado pagado o abonado en cuenta, en el concepto 5020. Este valor no debe incluirse en el concepto 5008.</nombre>
</RECORD>
<RECORD>
<cod>5027</cod>
<nombre>El valor acumulado de los pagos o abonos en cuenta al exterior por servicios técnicos, en el concepto 5027. Este valor no debe incluirse en el concepto 5004.</nombre>
</RECORD>
<RECORD>
<cod>5023</cod>
<nombre>El valor acumulado de los pagos o abonos en cuenta al exterior por asistencia técnica, en el concepto 5023.</nombre>
</RECORD>
<RECORD>
<cod>5024</cod>
<nombre>El valor acumulado de los pagos o abonos en cuenta al exterior por marcas, en el concepto 5024.</nombre>
</RECORD>
<RECORD>
<cod>5025</cod>
<nombre>El valor acumulado de los pagos o abonos en cuenta al exterior por patentes, en el concepto 5025.</nombre>
</RECORD>
<RECORD>
<cod>5026</cod>
<nombre>El valor acumulado de los pagos o abonos en cuenta al exterior por regalías, en el concepto 5026.</nombre>
</RECORD>
<RECORD>
<cod>5028</cod>
<nombre>El valor acumulado de la devolución de pagos o abonos en cuenta y retenciones correspondientes  a  operaciones  de  años  anteriores  debe  reportarse  en  el concepto 5028.</nombre>
</RECORD>
<RECORD>
<cod>5029</cod>
<nombre>Cargos  diferidos  y/o  gastos  pagados  por  anticipado  por  Compras:  El  valor acumulado pagado o abonado en cuenta se debe reportar en el concepto 5029.</nombre>
</RECORD>
<RECORD>
<cod>5030</cod>
<nombre>Cargos diferidos  y/o  gastos  pagados  por  anticipado  por  Honorarios:  El  valor acumulado pagado o abonado en cuenta se debe reportar en el concepto 5030.</nombre>
</RECORD>
<RECORD>
<cod>5031</cod>
<nombre>Cargos diferidos y/o  gastos  pagados por  anticipado por  Comisiones: El  valor acumulado pagado o abonado en cuenta se debe reportar en el concepto 5031.</nombre>
</RECORD>
<RECORD>
<cod>5032</cod>
<nombre>Cargos  diferidos  y/o  gastos  pagados  por  anticipado  por  Servicios:  El  valor acumulado pagado o abonado en cuenta se debe reportar en el concepto 5032.</nombre>
</RECORD>
<RECORD>
<cod>5033</cod>
<nombre>Cargos diferidos y/o gastos pagados por anticipado por arrendamientos: El valor acumulado pagado o abonado en cuenta se debe reportar en el concepto 5033.</nombre>
</RECORD>
<RECORD>
<cod>5034</cod>
<nombre>Cargos diferidos y/o gastos pagados por anticipado por intereses y rendimientos financieros: El valor acumulado pagado o abonado en cuenta se debe reportar en el concepto 5034.</nombre>
</RECORD>
<RECORD>
<cod>5035</cod>
<nombre>Cargos diferidos y/o gastos pagados por anticipado por otros conceptos: El valor acumulado pagado o abonado en cuenta se debe reportar en el concepto 5035.</nombre>
</RECORD>
<RECORD>
<cod>5019</cod>
<nombre>El monto de las amortizaciones realizadas durante el año se debe reportar en el concepto 5019, excepto el valor del concepto 5057.</nombre>
</RECORD>
<RECORD>
<cod>5057</cod>
<nombre>El monto de las amortizaciones realizadas durante el año  relativo a los Cargos diferidos  por el impuesto al patrimonio, en el concepto 5057.</nombre>
</RECORD>
<RECORD>
<cod>5036</cod>
<nombre>Inversiones en control y mejoramiento del medio ambiente por Compras pagadas o abonadas en cuenta, en el concepto 5036.</nombre>
</RECORD>
<RECORD>
<cod>5037</cod>
<nombre>Inversiones en control y mejoramiento del medio ambiente por Honorarios pagados o abonados en cuenta, en el concepto 5037.</nombre>
</RECORD>
<RECORD>
<cod>5038</cod>
<nombre>Inversiones  en  control  y  mejoramiento  del  medio  ambiente  por  Comisiones pagados o abonados en cuenta, en el concepto 5038.</nombre>
</RECORD>
<RECORD>
<cod>5039</cod>
<nombre>Inversiones en control y mejoramiento del medio ambiente por Servicios pagados o abonados en cuenta, en el concepto 5039.</nombre>
</RECORD>
<RECORD>
<cod>5040</cod>
<nombre>Inversiones en control y mejoramiento del medio ambiente por Arrendamientos pagadas o abonadas en cuenta, en el concepto 5040.</nombre>
</RECORD>
<RECORD>
<cod>5041</cod>
<nombre>Inversiones  en  control  y  mejoramiento  del  medio  ambiente  por  Intereses  y Rendimientos financieros pagados o abonados en cuenta, en el concepto 5041.</nombre>
</RECORD>
<RECORD>
<cod>5042</cod>
<nombre>Inversiones en control y mejoramiento del medio ambiente por otros conceptos pagados o abonados en cuenta, en el concepto 5042.</nombre>
</RECORD>
<RECORD>
<cod>5043</cod>
<nombre>El valor de las participaciones o dividendos pagados o abonados en cuenta en calidad de exigibles durante el año 2011, en el concepto 5043.</nombre>
</RECORD>
<RECORD>
<cod>5044</cod>
<nombre>El pago por loterías, rifas, apuestas y similares, en el concepto 5044.</nombre>
</RECORD>
<RECORD>
<cod>5045</cod>
<nombre>Retención sobre ingresos de tarjetas débito y crédito, en el concepto 5045.</nombre>
</RECORD>
<RECORD>
<cod>5046</cod>
<nombre>Enajenación de activos fijos de personas naturales ante oficinas de tránsito y otras entidades autorizadas, en el concepto 5046.</nombre>
</RECORD>
<RECORD>
<cod>5059</cod>
<nombre>El pago o abono en cuenta realizado a cada uno de los cooperados, del valor del fondo de protección de aportes creado con el remanente, en el concepto 5059.</nombre>
</RECORD>
<RECORD>
<cod>5049</cod>
<nombre>Autorretenciones por ventas, en el concepto 5049.</nombre>
</RECORD>
<RECORD>
<cod>5050</cod>
<nombre>Autorretenciones por servicios, en el concepto 5050.</nombre>
</RECORD>
<RECORD>
<cod>5051</cod>
<nombre>Autorretenciones por rendimientos financieros, en el concepto 5051.</nombre>
</RECORD>
<RECORD>
<cod>5052</cod>
<nombre>Otras autorretenciones, en el concepto 5052.</nombre>
</RECORD>
<RECORD>
<cod>5053</cod>
<nombre>Retenciones practicadas a título de timbre, en el concepto 5053.</nombre>
</RECORD>
<RECORD>
<cod>5054</cod>
<nombre>La devolución de retenciones a título de impuesto de timbre, correspondientes a operaciones de años anteriores, en el concepto 5054.</nombre>
</RECORD>
<RECORD>
<cod>5018</cod>
<nombre>El importe de las primas de reaseguros pagados o abonados en cuenta, en el concepto 5018.</nombre>
</RECORD>
<RECORD>
<cod>5047</cod>
<nombre>El importe de los siniestros por lucro cesante pagados o abonados en cuenta en el concepto 5047.</nombre>
</RECORD>
<RECORD>
<cod>5048</cod>
<nombre>El importe de los siniestros por daño emergente pagados o abonados en cuenta, en el concepto 5048.</nombre>
</RECORD>
</RECORDS>